{"cameraMode":{"drawMode":2,"name":"Shaded Wireframe","section":"Shading Mode"},"sceneLighting":false,"audioPlay":false,"sceneViewState":{"showFog":true,"showMaterialUpdate":false,"showSkybox":false,"showFlares":true,"showImageEffects":true,"showParticleSystems":true},"in2DMode":false,"pivot":{"x":-11.09589672088623,"y":3.418304681777954,"z":-25.29262351989746},"rotation":{"x":0.035795025527477267,"y":0.8761048913002014,"z":-0.47634586691856387,"w":0.06582611799240112},"size":0.4018899202346802,"orthographic":false}