{"cameraMode":{"drawMode":2,"name":"Shaded Wireframe","section":"Shading Mode"},"sceneLighting":false,"audioPlay":false,"sceneViewState":{"showFog":true,"showMaterialUpdate":false,"showSkybox":false,"showFlares":true,"showImageEffects":true,"showParticleSystems":true},"in2DMode":false,"pivot":{"x":-10.686105728149414,"y":-7.7688798904418949,"z":40.057498931884769},"rotation":{"x":-0.15253159403800965,"y":-0.7923393845558167,"z":0.22058166563510896,"w":-0.5480181574821472},"size":4.038283824920654,"orthographic":false}