{"cameraMode":{"drawMode":2,"name":"Shaded Wireframe","section":"Shading Mode"},"sceneLighting":true,"audioPlay":false,"sceneViewState":{"showFog":true,"showMaterialUpdate":false,"showSkybox":true,"showFlares":true,"showImageEffects":true,"showParticleSystems":true},"in2DMode":false,"pivot":{"x":3.633817195892334,"y":6.963962078094482,"z":-5.37651252746582},"rotation":{"x":-0.24998006224632264,"y":0.3309061527252197,"z":-0.0913737341761589,"w":-0.9053693413734436},"size":33.997867584228519,"orthographic":false}