{"cameraMode":{"drawMode":2,"name":"Shaded Wireframe","section":"Shading Mode"},"sceneLighting":false,"audioPlay":false,"sceneViewState":{"showFog":true,"showMaterialUpdate":false,"showSkybox":false,"showFlares":true,"showImageEffects":true,"showParticleSystems":true},"in2DMode":false,"pivot":{"x":-6.269999980926514,"y":-32.63999938964844,"z":12.220000267028809},"rotation":{"x":0.035795025527477267,"y":0.8761048913002014,"z":-0.47634586691856387,"w":0.06582611799240112},"size":4.041658401489258,"orthographic":false}