{"cameraMode":{"drawMode":2,"name":"Shaded Wireframe","section":"Shading Mode"},"sceneLighting":true,"audioPlay":false,"sceneViewState":{"showFog":true,"showMaterialUpdate":false,"showSkybox":true,"showFlares":true,"showImageEffects":true,"showParticleSystems":true},"in2DMode":false,"pivot":{"x":-11.09589672088623,"y":3.418304681777954,"z":-25.29262351989746},"rotation":{"x":-0.2131810486316681,"y":-0.15142400562763215,"z":0.03347373381257057,"w":-0.9646450877189636},"size":50.027069091796878,"orthographic":false}