{"cameraMode":{"drawMode":0,"name":"Shaded","section":"Shading Mode"},"sceneLighting":false,"audioPlay":false,"sceneViewState":{"showFog":true,"showMaterialUpdate":false,"showSkybox":false,"showFlares":true,"showImageEffects":true,"showParticleSystems":true},"in2DMode":false,"pivot":{"x":346.970703125,"y":191.57330322265626,"z":11.125},"rotation":{"x":0.000013553569260693621,"y":-0.9998405575752258,"z":0.0008980340790003538,"w":0.01829586736857891},"size":2659.88525390625,"orthographic":true}