{"cameraMode":{"drawMode":2,"name":"Shaded Wireframe","section":"Shading Mode"},"sceneLighting":true,"audioPlay":false,"sceneViewState":{"showFog":true,"showMaterialUpdate":false,"showSkybox":true,"showFlares":true,"showImageEffects":true,"showParticleSystems":true},"in2DMode":false,"pivot":{"x":6.822074890136719,"y":-8.881004333496094,"z":0.06295108795166016},"rotation":{"x":0.34020349383354189,"y":0.5554898381233215,"z":-0.2637137472629547,"w":0.7116957306861877},"size":42.5658073425293,"orthographic":false}