{"cameraMode":{"drawMode":2,"name":"Shaded Wireframe","section":"Shading Mode"},"sceneLighting":false,"audioPlay":false,"sceneViewState":{"showFog":true,"showMaterialUpdate":false,"showSkybox":false,"showFlares":true,"showImageEffects":true,"showParticleSystems":true},"in2DMode":false,"pivot":{"x":0.04672074317932129,"y":6.889999866485596,"z":-16.531253814697267},"rotation":{"x":0.003340484807267785,"y":0.9331250786781311,"z":-0.359576940536499,"w":0.008673311211168766},"size":4.642184734344482,"orthographic":false}